Domain,Theme,Main topic,Subtopic,Question,Answer,Source
Business Regulation,Institutional Service,Business Name Registration,Registration Process,Paano mag-register ng business name?,"Hello ka-SangkAIğŸ˜€ğŸš€! Opo, madali lang naman po yan! ğŸ˜Š Pwede po kayong mag-apply sa DTI office personally o online na lang din po. Kailangan po ninyo ang valid ID, accomplished application form, at yung registration fee na â‚±200 lang po for sole proprietorship, â‚±500 naman po for partnership/corporation. Alam ko po na medyo nakaka-stress yung proseso minsan lalo na kung first time, pero suportahan naman po kayo ng mga staff sa DTI. Valid po yan for 1 year at pwede naman i-renew annually. Importante lang po na hindi makalimutan yung renewal date para hindi ma-expire! ğŸ“…",DTI Business Registration in the Philippines: A Step-by-Step Guide (2025)
Business Regulation,Institutional Service,Business Name Registration,Requirements,Ano ang mga requirements para sa BNR?,"Hello ka-SangkAIğŸ˜€ğŸš€!  Kailangan po ninyo ng valid government ID (kahit anong valid ID po), duly accomplished application form, at payment ng registration fee (â‚±200 po for sole prop, â‚±500 for partnership/corp). ğŸ“‹ Hindi naman po masyadong marami, pero minsan may additional requirements pa depende sa type ng business ninyo po. Kung medyo malaki yung business or partnership, mas maganda po na mag-prepare ng extra documents just in case. Wag po kayong matakot mag-tanong sa staff - willing naman po silang tumulong! ğŸ¤—",https://bnrs.dti.gov.ph/faq
Business Regulation,Institutional Service,Business Name Registration,Validity Period,Gaano katagal valid ang business name registration?,"Hello ka-SangkAIğŸ˜€ğŸš€!  Valid po for 1 year from date of registration. Pwede naman po i-renew annually bago mag-expire. ğŸ“… Renewable indefinitely naman po as long as active pa yung business ninyo. Alam ko po na minsan nakakalimutan ang renewal date, pero mag-set na lang po kayo ng reminder sa phone ninyo. Mas mahal po kasi ang penalty kapag na-late na sa renewal! ğŸ’¸ Importante po na ma-maintain yung continuity ng business name ninyo.",Paano Mag-Register ng Business Name sa DTI?
Business Regulation,Institutional Service,Business Permit and Licensing,Process,Saan kukuha ng business permit?,"Hello ka-SangkAIğŸ˜€ğŸš€!  Sa Local Government Unit (LGU) po kung saan nakatayo ang business ninyo. ğŸ¢ Kailangan po ninyo ng DTI business name registration muna, plus compliance sa zoning, health, fire safety, at environmental requirements. Alam ko po na parang ang dami ng requirements, pero step by step lang po yan. Mas maganda po na kumuha muna ng checklist sa LGU ninyo para hindi kayo mag-back and forth. Patient lang po tayo sa proseso! ğŸ˜Š",https://www.dti.gov.ph/negosyo/business-registration-and-permits/
Business Regulation,Regulatory Services,Business Compliance Monitoring,Inspection,Bakit nag-inspect ang DTI sa business establishments?,"Hello ka-SangkAIğŸ˜€ğŸš€!  Para ma-ensure po na sumusunod ang mga negosyo sa consumer protection laws, product standards, price tagging requirements, weights and measures regulations, at iba pang trade laws. ğŸ‘®â€â™‚ï¸ Wag po kayong matakot kapag may inspection - hindi po yan para mang-harass. Ginagawa po nila yan para protektahan din ang consumers at para fair ang competition. Kung compliant naman po kayo, walang problema! ğŸ˜Œ",https://www.dti.gov.ph/tag/mandatory-inspections/
Business Regulation,Directories,Business Registry Database,Search,Paano ma-verify kung registered ang isang business?,"Hello ka-SangkAIğŸ˜€ğŸš€!  Pwede po kayong maghanap sa DTI Business Registry database, contact DTI offices, o mag-online verification. ğŸ” Available po ang information para sa registered business names, partnerships, at corporation branches. Importante po ito lalo na kung mag-partner kayo o makikipag-transact sa ibang business. Better safe than sorry po tayo! Marami na po kasing fake businesses ngayon. ğŸš¨",How to Verify a Business in the Philippines
Business Regulation,Institutional Service,Business Name Search,Name Availability,Paano ko ma-check kung available ang business name?,"Hello ka-SangkAIğŸ˜€ğŸš€!  Mag-search po kayo sa DTI Business Name Registry online o personal sa DTI office. ğŸ’» May verification system po para ma-ensure na hindi duplicate ang business name na gusto ninyo. Importante po ito kasi hindi pwedeng mag-conflict sa existing business names. Kung taken na po yung gusto ninyo, mag-isip po tayo ng variations o alternatives. Creative po tayo! âœ¨",How to Check If Your Business Name is Still Available - DJKA Business and Accounting Services in the Philippines
Business Regulation,Institutional Service,Business Name Renewal,Renewal Process,Paano i-renew ang business name registration?,"Hello ka-SangkAIğŸ˜€ğŸš€!  Mag-apply po kayo for renewal before expiration date, submit renewal form, bayad ng renewal fee, at mag-present ng valid ID. ğŸ”„ Same process po sa initial registration pero mas mabilis naman na. Importante lang po na before pa mag-expire para hindi ma-penalty. Set po kayo ng reminder sa calendar ninyo - mas practical po yan! Walang masyadong hassle sa renewal basta on time kayo. â°",A Guide to DTI Registration and DTI Renewal Online
Business Regulation,Institutional Service,PSIC Classification,Business Classification,Ano ang PSIC code ng business ko?,"Hello ka-SangkAIğŸ˜€ğŸš€!  Philippine Standard Industrial Classification (PSIC) code po yan para sa business classification. ğŸ“Š Kailangan po yan for business registration, tax purposes, at statistical reporting. May specific codes po para sa bawat type ng business. Kung hindi po kayo sure sa code ninyo, pwede naman po kayong mag-ask sa DTI staff - tutulungan naman po kayo nila i-identify yung tamang classification. ğŸ¤”",https://classification.codes/classifications/industry/psic-philippines
Business Regulation,Institutional Service,Business Name Amendment,Name Changes,Pwede bang baguhin ang business name?,"Hello ka-SangkAIğŸ˜€ğŸš€!  Opo, pwede naman po! ğŸ˜Š Mag-file lang po kayo ng amendment sa DTI. Kailangan po ng justification (bakit ninyo gusto palitan), new name search, amended registration form, at payment ng amendment fees. Alam ko po na minsan gusto nating mag-rebrand o mas catchy na name. Valid naman po yan na reason! Just make sure po na available yung new name ninyo. âœ¨",Change Your Business Name With the SEC and DTI | BRP
Business Regulation,Institutional Service,Business Name Cancellation,Cancellation Process,Paano mag-cancel ng business name registration?,"Hello ka-SangkAIğŸ˜€ğŸš€!  Mag-file po kayo ng cancellation request sa DTI, submit supporting documents, clear any pending obligations, at comply sa cancellation requirements. ğŸ“ Alam ko po na mahirap mag-decide na mag-close ng business, pero importante po na proper ang closure para hindi kayo ma-hassle sa future. Make sure po na walang pending na obligations bago mag-cancel. ğŸ˜”",Cancel Business Name - Forms Philippines
Business Regulation,Institutional Service,Branch Registration,Branch Offices,Paano mag-register ng branch office?,"Hello ka-SangkAIğŸ˜€ğŸš€!  Corporations at foreign companies po ay mag-register ng branch offices sa DTI, submit corporate documents, comply sa branch registration requirements, at maintain compliance. ğŸ¢ Exciting po yan na mag-expand kayo ng branch! Ibig sabihin lumalaki na ang business ninyo. Pero mas maraming requirements po kumpara sa simple business name registration. Patient lang po tayo sa proseso! ğŸ“ˆ",Branch Office Registration in the Philippines - BRP
Business Regulation,Institutional Service,Partnership Registration,Business Partnerships,Kailangan ba i-register ang partnership sa DTI?,"Hello ka-SangkAIğŸ˜€ğŸš€!  Opo, ang partnerships ay mag-register po sa DTI, submit partnership agreement, comply sa registration requirements, at maintain proper business records. ğŸ¤ Importante po ito para sa legal protection ninyo at ng partner ninyo. Mas maganda po na documented lahat para walang gulo sa future. Trust is good, pero documentation is better po! ğŸ“„",DTI Business Registration in the Philippines: A Step-by-Step Guide (2025)
Consumer Protection,Institutional Service,Consumer Complaint Resolution,Filing Process,Paano mag-file ng complaint sa DTI?,"Hello ka-SangkAIğŸ˜€ğŸš€!  Pwede po kayong mag-file personal sa DTI office, online, o email. ğŸ˜¤ Kailangan po ng supporting documents, proof of purchase, at detailed complaint. Applicable po yan para sa lahat ng consumer issues - defective products, poor service, deceptive practices. Alam ko po na nakaka-frustrate kapag na-scam o nabigay ng sira na produkto! Hindi po kayo dapat mag-suffer in silence. May karapatan po kayo! ğŸ’ª",https://www.dti.gov.ph/konsyumer/complaints/
Consumer Protection,Institutional Service,Consumer Complaint Resolution,Required Documents,Ano ang kailangan para mag-complaint?,"Hello ka-SangkAIğŸ˜€ğŸš€!  Official receipt o proof of purchase po, pictures o evidence ng problem, written complaint letter, valid ID. ğŸ“¸ Additional documents po depende sa nature ng complaint (warranty, contracts, communication records). Kahit text message receipt pwede na rin po basta may proof kayo. Importante po na may evidence para ma-prove ninyo yung complaint ninyo. Document everything po! ğŸ“‹",https://www.dti.gov.ph/konsyumer/complaints/
Consumer Protection,Programs,Consumer Education Program,Consumer Rights,Ano ang mga karapatan ko bilang consumer?,"Hello ka-SangkAIğŸ˜€ğŸš€!  Marami pong karapatan ang consumer sa Pilipinas! ğŸ‡µğŸ‡­ Right to safety (safe products), right to information (proper labeling), right to choose (competitive options), right to be heard (voice complaints), right to redress (compensation), at right to consumer education. Wag po kayong mahiya mag-assert ng rights ninyo. Kadalasan kasi tayong mga Pinoy, tinitimpi na lang. Pero may batas po tayo para protektahan ang consumers! ğŸ›¡ï¸",DTI: Alamin ang mga karapatan mo bilang isang konsyumer - Philippine Information Agency
Consumer Protection,Regulatory Services,Product Standards Enforcement,Safety Standards,Paano ko malalaman kung safe at quality ang produkto?,"Hello ka-SangkAIğŸ˜€ğŸš€!  Tingnan po ninyo ang PS mark (Philippine Standard), ICC mark, FDA approval, o iba pang quality certifications. ğŸ” Mag-report po sa DTI kung may safety concerns o substandard products. Importante po ito lalo na sa mga produktong ginagamit ng pamilya ninyo. Safety first po lagi! Wag po tayong mag-compromise sa quality para lang makamura. ğŸ›¡ï¸",https://tl.sperohope.com/productos-de-calidad
Consumer Protection,Institutional Service,Price Tag Law Enforcement,Price Display,Bakit dapat may price tag ang lahat ng produkto?,"Hello ka-SangkAIğŸ˜€ğŸš€!  Para protektahan po ang consumer rights at ma-ensure ng transparency sa pricing. ğŸ’° Lahat ng retail establishments dapat magdisplay ng clear, readable prices para sa lahat ng products at services. Alam ko po na minsan nakakahiya mag-tanong ng presyo, kaya dapat naka-display na para hindi tayo ma-embarrass. Karapatan po natin na malaman ang presyo bago bumili! ğŸ·ï¸","ALAMIN: Mga karapatan ng mamimili sa presyo, refund | ABS-CBN News"
Consumer Protection,Support Services,Consumer Hotline Services,8888 Hotline,Ano ang 8888 hotline ng government?,"Hello ka-SangkAIğŸ˜€ğŸš€!  24/7 citizen's complaint hotline po yan para sa lahat ng government services including DTI. â˜ï¸ Pwede po kayong tumawag para sa consumer complaints, business concerns, product safety issues, at general government inquiries. Libre po ang tawag at may Tagalog na assistance. Hindi po kayo mag-iisa sa mga problema ninyo - may tutulong po sa inyo! ğŸ¤—",https://www.bing.com/ck/a?!&&p=90d3bc1e2c7d78653b7aff2b9495b8b9a90f744f0cbaf19fcde7d273e3d54949JmltdHM9MTc1MDIwNDgwMA&ptn=3&ver=2&hsh=4&fclid=283a088c-6535-6f4f-3b62-1ba864a86ec0&psq=Ano+ang+8888+hotline+ng+government%3f&u=a1aHR0cHM6Ly84ODg4Lmdvdi5waC8&ntb=1
Consumer Protection,Institutional Service,Consumer Mediation,Dispute Resolution,Ano ang consumer mediation process?,Hello ka-SangkAIğŸ˜€ğŸš€!  Structured negotiation process po yan between consumer at business na may DTI mediator. ğŸ¤ Goal po is amicable settlement without formal litigation. Free service po yan para sa qualified consumer complaints. Mas maganda po ito kesa sa court kasi mas mabilis at hindi masyadong stressful. Pwede po kayong makipag-usap nang maayos para sa resolution! ğŸ˜Œ,"https://fairtrade.dti.gov.ph/services/complaints-handling/#mediation:~:text=FILE%20A%20COMPLAINT-,Mediation,-Mediation%20is%20an"
Consumer Protection,Institutional Service,Consumer Arbitration,Final Resolution,Kailan ginagamit ang consumer arbitration?,"Hello ka-SangkAIğŸ˜€ğŸš€!  Kapag hindi successful ang mediation, pwede po kayong mag-proceed sa arbitration for binding decision. âš–ï¸ Mas formal process po pero mas mabilis at mas mura kaysa sa court litigation. Last resort po ito pero effective naman. Importante lang po na may strong evidence kayo para sa case ninyo. Hindi po ito dapat takutan - para sa protection ninyo ito! ğŸ’ª",https://lawandmore.ph/blog/why-and-when-to-choose-arbitration/
Consumer Protection,Support Services,Consumer Welfare Desk,Local Support,Ano ang function ng Consumer Welfare Desk?,"Hello ka-SangkAIğŸ˜€ğŸš€!  On-site consumer assistance desk po yan sa malls, markets, at commercial establishments. ğŸ¬ Nag-provide po ng immediate consumer support, complaint filing assistance, at consumer education. Convenient po ito kasi nasa malls na, hindi na kayo pupunta pa sa DTI office. Makikita ninyo po sila sa mga major malls - may booth po sila doon! ğŸ“",https://www.scribd.com/document/475425635/F-2-1-Consumer-Welfare-Desk-CWD-Program-pdf
Consumer Protection,Programs,Bantay Presyo Program,Price Monitoring,Paano maging Bantay Presyo volunteer?,Hello ka-SangkAIğŸ˜€ğŸš€!  Mag-apply po kayo sa DTI regional office bilang community volunteer para sa price monitoring. ğŸ‘¥ May training program at certification po para sa price watch activities sa local markets at establishments. Maganda po ito kung gusto ninyong maging active sa community at tumulong sa kapwa consumers. Plus may certificate pa kayo! ğŸ†,https://www.pnvsca.gov.ph/?page_id=255
Consumer Protection,Programs,Consumer Month Celebration,Consumer Awareness,Kailan ang Consumer Month celebration?,"Hello ka-SangkAIğŸ˜€ğŸš€!  October po ng bawat taon. ğŸ‰ National Consumer Welfare Month po yan na may mga activities para sa consumer education, awareness campaigns, at promotion ng consumer rights. Maraming freebies at educational activities po during this month. Samahan ninyo po ang mga activities para mas aware kayo sa rights ninyo as consumers! ğŸ“š","https://mirror.pia.gov.ph/news/2023/10/24/dti-celebrates-cwm-highlights-consumer-rights#:~:text=MISAMIS%20ORIENTAL%20%28PIA%29--Under%20Presidential%20Proclamation%20No.%201098%2C%20signed,the%20country%20celebrates%20Consumer%20Welfare%20Month%20every%20October."
Consumer Protection,Institutional Service,Product Recall,Safety Alerts,Paano ginagawa ang product recall?,"Hello ka-SangkAIğŸ˜€ğŸš€!  DTI po nag-issue ng product recall orders para sa dangerous o defective products. ğŸš¨ May public announcements po, coordination sa retailers, at monitoring ng recall compliance para sa consumer safety. Kapag may product recall, mag-check po agad kung meron kayong ganyang produkto sa bahay. Better safe than sorry po! Return ninyo na agad para sa refund o replacement. âš ï¸",https://legaldex.com/laws/guidelines-on-product-recall
Consumer Protection,Institutional Service,Voluntary Compliance Agreement,Business Self-Regulation,Ano ang Voluntary Compliance Agreement?,Hello ka-SangkAIğŸ˜€ğŸš€!  Formal agreement po yan between DTI at business establishments para sa self-regulation at compliance sa consumer protection laws. ğŸ“„ Alternative po yan sa formal enforcement actions. Ibig sabihin cooperative yung business at willing mag-comply sa requirements. Good sign po ito na trustworthy yung business! ğŸ‘,https://www.lawinsider.com/dictionary/voluntary-compliance-agreement-vca
Consumer Protection,Institutional Service,Online Consumer Complaints,Digital Filing,Pwede bang mag-file ng complaint online?,"Hello ka-SangkAIğŸ˜€ğŸš€!  Opo, may online complaint system po ang DTI! ğŸ’» Pwede po kayong mag-submit ng complaints through DTI website, upload supporting documents, at ma-track ang complaint status. Convenient po ito lalo na kung busy kayo o malayo sa DTI office. 24/7 po available yung online system, unlike sa physical office na may office hours lang. ğŸ•",Https://podrs.dti.gov.ph/
Consumer Protection,Institutional Service,Consumer Protection Advocacy,Consumer Rights,Paano nag-advocate ang DTI para sa consumer rights?,"Hello ka-SangkAIğŸ˜€ğŸš€!  Policy advocacy po, consumer education campaigns, stakeholder engagement, legislative support, at consumer protection initiatives para sa mas malakas na consumer rights protection. ğŸ“¢ Hindi lang po sila nag-eenforce, nag-educate din po sila sa mga consumers about their rights. Importante po na aware tayo sa mga karapatan natin para hindi tayo ma-take advantage! ğŸ“",DTI: Know your rights and responsibilities as consumers | Department of Trade and Industry Philippines
Consumer Protection,Regulatory Services,Consumer Protection Enforcement,Law Enforcement,Paano ini-enforce ng DTI ang consumer protection laws?,"Hello ka-SangkAIğŸ˜€ğŸš€!  Inspections po, investigations, administrative sanctions, case filing, settlement negotiations, at coordination with other agencies para sa consumer protection enforcement. ğŸ‘®â€â™‚ï¸ May teeth po ang DTI - hindi lang basta papel yung mga batas nila. Kapag may violation, may actions po silang ginagawa. Kaya wag po kayong matakot mag-report ng violations! âš–ï¸",https://www.dti.gov.ph/resources/laws-and-policies/consumer/
Trade Regulation,Institutional Service,Fair Trade Enforcement,Competition,Paano ireport ang unfair competition sa market?,"Hello ka-SangkAIğŸ˜€ğŸš€!  Mag-file po kayo ng complaint sa DTI FTEB. ğŸ“ Kasama po dito ang predatory pricing, monopolistic practices, cartels, price manipulation, deceptive trade practices, at iba pang anti-competitive behavior. Alam ko po na minsan may mga businesses na nag-aabuso ng market position nila. Hindi po yan dapat tolerated! May batas po tayo against sa ganyan. ğŸš«","Suing for Unfair Competition in the Philippines - Law Firm in Philippines | Corporate, Business, Family, IP, IT, and Litigation"
Trade Regulation,Regulatory Services,Price Monitoring,SRP,Ano ang Suggested Retail Price (SRP) system?,"Hello ka-SangkAIğŸ˜€ğŸš€!  Price guidance system po ng DTI para ma-monitor ang presyo ng basic necessities at prime commodities. ğŸ’° Nag-serve po as benchmark para ma-prevent ang overpricing, especially during emergencies o disasters. Alam ko po na minsan tumaas nang sobra ang presyo ng mga basic goods. May gabay po tayo para sa fair pricing! ğŸ“Š",â€˜Gabay When You Buyâ€™: Use the SRP
Trade Regulation,Institutional Service,Weights and Measures Verification,Calibration,Saan pwedeng ma-verify ang accuracy ng measuring instruments?,"Hello ka-SangkAIğŸ˜€ğŸš€!  Sa DTI offices po o accredited calibration laboratories nationwide. âš–ï¸ Required po yan para sa lahat ng commercial weighing at measuring devices - scales, meters, pumps, measures used sa retail, wholesale, manufacturing. Importante po ito para fair ang pagbili at pagbenta. Hindi po dapat nilo-lowball tayo sa weights and measures! ğŸ“",Top Calibration Standards and Guidelines in the Philippines: A Comprehensive Overview - Premier Physic Metrologie
Trade Regulation,Institutional Service,Halal Certification,Certification Process,Paano kumuha ng Halal certification para sa products?,"Hello ka-SangkAIğŸ˜€ğŸš€!  Mag-apply po kayo sa DTI-BPS Halal certification program. ğŸ•Œ Applicable po yan para sa food products, cosmetics, pharmaceuticals, at iba pang consumer goods na kailangan ng Halal compliance para sa Muslim consumers. Malaking market po ang Muslim consumers, kaya good investment po ito sa certification. Respect din po natin ang religious requirements nila! â˜ªï¸",The Ultimate Guide to Halal Certification in the Philippines | Sterling International Consulting
Trade Regulation,Institutional Service,Calibration Services,Fees and Procedures,Magkano ang calibration services sa DTI?,"Hello ka-SangkAIğŸ˜€ğŸš€!  Varies po depending sa type ng instrument. ğŸ’¸ Basic scale calibration starts around â‚±400-â‚±1,000 po. May schedule ng fees available sa DTI-BPS offices nationwide. Hindi naman po masyadong mahal, pero importante po ito para sa accuracy ng business operations ninyo. Investment po ito sa credibility ng business ninyo! ğŸ’¼",https://mowad.gov.ph/?page_id=378
Trade Regulation,Institutional Service,Product Testing,Quality Certification,Saan pwedeng magpa-test ng product quality?,"Hello ka-SangkAIğŸ˜€ğŸš€!  Sa DTI-BPS testing laboratories po o accredited third-party testing facilities. ğŸ”¬ Available po ang testing para sa food, textiles, electronics, construction materials, at iba pang consumer products. Importante po ito para ma-ensure ninyo na quality yung products ninyo before i-market. Reputation po ninyo ang nakataya dito! â­",https://bps.dti.gov.ph/product-test
Trade Regulation,Institutional Service,Standard Mark Licensing,PS Mark,Paano kumuha ng PS mark para sa produkto?,"Hello ka-SangkAIğŸ˜€ğŸš€!  Mag-apply po kayo sa DTI-BPS, submit product samples for testing, comply sa Philippine National Standards, at bayad ng licensing fees. ğŸ·ï¸ PS mark po indicates na sumusunod ang product sa quality standards. Malaking factor po ito sa consumer confidence sa products ninyo. Quality assurance po ito! âœ…",PS Mark License Philippines: 2025 Application Guide | BRP
Trade Regulation,Institutional Service,Laboratory Accreditation,Testing Facility Certification,Paano ma-accredit ang testing laboratory?,"Hello ka-SangkAIğŸ˜€ğŸš€!  Mag-apply po kayo sa DTI-BPS laboratory accreditation program, comply sa ISO/IEC 17025 standards, undergo assessment, at maintain quality management system. ğŸ­ Malaking responsibility po ito pero prestigious din. Ibig sabihin trusted po kayo ng DTI na mag-conduct ng testing para sa iba. Big deal po ito sa industry! ğŸ†",Accreditation for Testing Laboratories | Department of Trade and Industry Philippines
Trade Regulation,Institutional Service,Organic Certification,Organic Products,Paano kumuha ng organic certification?,"Hello ka-SangkAIğŸ˜€ğŸš€!  Mag-apply po kayo sa DTI-BPS organic certification program, comply sa organic standards, undergo facility inspection, at maintain organic integrity throughout production chain. ğŸŒ± Growing market po ang organic products ngayon, especially sa health-conscious consumers. Good investment po ito sa future ng business ninyo! Premium pricing pa po ang organic products. ğŸ’š","Accreditation, Licensing, Registration & Other Related Services | Official Portal of the Department of Agriculture"
Trade Regulation,Institutional Service,Import Commodity Clearance,ICC Requirements,Kailan kailangan ng Import Commodity Clearance?,Hello ka-SangkAIğŸ˜€ğŸš€!  Required po yan para sa certain imported products para ma-ensure na compliant sa Philippine standards at regulations. ğŸ“¦ Kailangan po yan before customs clearance ng imported goods. Importante po ito para ma-prevent ang substandard products na pumasok sa Pilipinas. Protection po ito sa local consumers at businesses! ğŸ›¡ï¸,https://mpm.ph/bir-icc-importers-clearance-certificate/
Trade Regulation,Institutional Service,Philippine Quality Award,Excellence Recognition,Ano ang Philippine Quality Award?,"Hello ka-SangkAIğŸ˜€ğŸš€!  Highest recognition po yan for organizational excellence sa Philippines. ğŸ† Based po sa Malcolm Baldrige criteria, nag-recognize ng companies na nag-demonstrate ng superior performance at quality management. Prestige po ito - parang Oscar award ng business world sa Pilipinas! Big honor po kapag nakuha ninyo ito. ğŸ‘‘",Philippine Quality Award (PQA) Administration | PDC
Trade Regulation,Regulatory Services,Emergency Price Control,Crisis Response,Paano ginagamit ang emergency price controls?,"Hello ka-SangkAIğŸ˜€ğŸš€!  During national emergencies po, DTI may implement price controls sa basic necessities at prime commodities para ma-prevent ang overpricing at hoarding. ğŸš¨ Nakita po natin ito during COVID-19 pandemic. Protection po ito sa consumers from price gouging during crisis situations. Importante po na may regulatory power ang government during emergencies! âš ï¸",https://lawphil.net/statutes/repacts/ra1992/ra_7581_1992.html
Trade Regulation,Institutional Service,Accreditation Programs,Third-Party Assessment,May accreditation programs ba ang DTI?,"Hello ka-SangkAIğŸ˜€ğŸš€!  Opo, nag-accredit po ng testing laboratories, calibration facilities, certification bodies, at inspection agencies para sa quality assurance at standards compliance. ğŸ¯ Malaking responsibility po ito pero prestigious din. Ibig sabihin trusted po kayo ng DTI na mag-provide ng quality services sa industry. Certification ng certification bodies po ito! ğŸ…",https://fairtrade.dti.gov.ph/services/accreditation/
Trade Regulation,Institutional Service,Technical Regulations,Standards Development,Paano ginagawa ang technical regulations sa Philippines?,"Hello ka-SangkAIğŸ˜€ğŸš€!  DTI-BPS po nag-develop ng technical regulations based sa international standards, stakeholder consultation, technical committee reviews, at public consultation processes. ğŸ“‹ Hindi po basta ginagawa yan - may systematic process po para ma-ensure na appropriate yung regulations. May say din po ang industry sa mga regulations na yan! ğŸ—£ï¸",https://bps.dti.gov.ph/standards/standards-regulation-policies
Trade Regulation,Institutional Service,Conformity Assessment,Compliance Verification,Ano ang conformity assessment procedures?,"Hello ka-SangkAIğŸ˜€ğŸš€!  Testing, inspection, certification, at verification procedures po para ma-ensure na products at services ay compliant sa applicable standards at regulations. âœ… Systematic process po ito para ma-verify na sumusunod kayo sa requirements. Hindi po ito para pahirapan kayo - para sa consumer protection at fair competition ito! ğŸ”",Conformity Assessment Basics | NIST
Industry Development,Programs,MSME Development Program,Support Services,Ano ang comprehensive support ng DTI para sa MSMEs?,"Hello ka-SangkAIğŸ˜€ğŸš€!  Sobrang dami pong tulong ang DTI para sa small businesses! ğŸš€ Business development services, financing assistance programs, market linkage opportunities, technology transfer support, skills training, productivity improvement, clustering programs, at export development assistance. Perfect po yan lalo na kung nagsisimula pa lang o struggling sa pandemic effects. Hindi po kayo nag-iisa sa journey na ito! ğŸ’ª","Govâ€™t opens PH Innovation Hub to give end-to-end support for startups, MSMEs"
Industry Development,Support Services,Business Development Services,Counseling,Available ba ang business counseling services sa DTI?,"Hello ka-SangkAIğŸ˜€ğŸš€!  Opo, libre po ang business counseling! ğŸ˜Š Nag-provide po ang DTI ng comprehensive business counseling - business planning, financial management, marketing strategies, operational improvement, regulatory compliance, at growth planning para sa lahat ng business sizes. Minsan po kasi feeling natin mag-isa tayo sa problems ng business. Pero may mga experts po na pwedeng makausap nang libre! ğŸ¤—","https://www.dti.gov.ph/negosyo/negosyo-center/faqs/#:~:text=Whether%20you%20are%20starting%20or%20would%20want%20to,available%20in%20the%20Negosyo%20Centers%20to%20assist%20you."
Industry Development,Opportunities,Technology Transfer Program,Innovation,Paano makakuha ng technology at innovation support?,"Hello ka-SangkAIğŸ˜€ğŸš€!  Mag-apply po kayo sa DTI technology transfer programs na nag-facilitate ng technology adoption, innovation development, research partnerships, equipment upgrading, at modernization para sa lahat ng industries. ğŸ’¡ Exciting po ito lalo na kung gusto ninyong mag-modernize ng operations ninyo. Hindi po ito exclusive sa malalaking companies - MSMEs pwede rin! âš™ï¸",https://assistance.ph/technology-innovation-for-commercialization-technicom/
Industry Development,Programs,Shared Service Facilities Program,Equipment Sharing,Ano ang concept ng Shared Service Facilities?,"Hello ka-SangkAIğŸ˜€ğŸš€!  Common facility po yan na may shared equipment, machinery, at services para sa MSME clusters. ğŸ­ Nag-provide po ng access sa expensive equipment na hindi individually affordable, plus technical support at training. Smart concept po ito - pwede ninyong gamitin yung mga expensive machines without buying them! Cost-effective po para sa small businesses. ğŸ’°","https://www.dti.gov.ph/negosyo/shared-service-facilities/#:~:text=One%20of%20the%20programs%20identified%20under%20the%20Plan,productivity%20and%20efficiency%20through%20better%20access%20to%20technology."
Industry Development,Programs,Kapatid Mentor ME Program,Mentorship,May mentoring system ba para sa small businesses?,"Hello ka-SangkAIğŸ˜€ğŸš€!  Opo, may Kapatid Mentor ME program po kung saan large companies ang nag-mentor sa MSMEs. ğŸ‘¥ Includes knowledge transfer, skills development, market access, supply chain opportunities, at business partnerships. Sobrang valuable po ito - makakakuha kayo ng wisdom from successful companies! Free mentoring pa po ito from established businesses. ğŸ“",https://gonegosyo.ph/mentoring-me-philippines/
Industry Development,Programs,Negosyo Centers Program,Business Centers,Ano ang function ng Negosyo Centers?,"Hello ka-SangkAIğŸ˜€ğŸš€!  One-stop business facilitation centers po yan na nag-provide ng business registration assistance, business development services, training programs, market linkage, at iba pang entrepreneurship support sa local level. ğŸ¢ Convenient po ito kasi malapit lang sa inyo - may mga centers po sa bawat region. Hindi na kayo pupunta pa ng Manila para sa business support! ğŸ“",About Negosyo Center
Industry Development,Programs,BMBE Program,Tax Exemption,Ano ang benefits ng Barangay Micro Business Enterprise registration?,Hello ka-SangkAIğŸ˜€ğŸš€!  Income tax exemption po para sa micro businesses na may gross sales/receipts na hindi lumalampas sa â‚±3 million annually. ğŸ’¸ Includes simplified business registration at reduced documentary requirements. Malaking savings po ito sa taxes ninyo! Perfect po ito para sa mga small business owners na gusto mag-save sa taxes legally. ğŸ’°,DTI urges barangay enterprises to register as BMBEs for benefits | Department of Trade and Industry Philippines
Industry Development,Programs,SETUP Program,Technology Upgrading,Ano ang SETUP program ng DTI?,"Hello ka-SangkAIğŸ˜€ğŸš€!  Small Enterprise Technology Upgrading Program po yan na nag-provide ng technology adoption support, equipment upgrading assistance, process improvement, modernization loans, at technical training para sa MSME technology enhancement. ğŸ”§ Perfect po ito kung outdated na yung equipment ninyo o gusto ninyong mag-modernize. May financial assistance pa po para sa technology upgrades! ğŸ’»",https://elibrary.judiciary.gov.ph/thebookshelf/showdocs/10/68310
Industry Development,Programs,Productivity and Quality Improvement,Process Enhancement,May programa ba para sa productivity improvement?,"Hello ka-SangkAIğŸ˜€ğŸš€!  Opo, may DTI programs po para sa productivity enhancement, quality improvement, process optimization, lean manufacturing, at operational excellence para sa MSMEs. ğŸ“ˆ Importante po ito para maging competitive ang business ninyo. Mas efficient ang operations, mas profitable ang business! May training pa po sila para sa process improvement. âš™ï¸",https://biznewsasia.com/dtis-industrialization-plan-for-2022-2028/
Industry Development,Support Services,Business Counseling,Free Consultation,Libre ba ang business counseling sa DTI?,"Hello ka-SangkAIğŸ˜€ğŸš€!  Opo, libre po ang basic business counseling services! ğŸ˜Š Includes business planning guidance, financial management advice, marketing strategies, operational improvement recommendations, at regulatory compliance assistance. Wag po kayong mahiya mag-ask ng tulong - para sa inyo naman po ito! Hindi po kayo babayaran ng kahit ano. ğŸ¤—",https://assistance.ph/dti-negosyo-center-program/
Industry Development,Programs,Market Matching,Buyer-Seller Connections,Paano gumagana ang market matching program?,"Hello ka-SangkAIğŸ˜€ğŸš€!  DTI po nag-facilitate ng buyer-seller meetings, trade matching events, business-to-business connections, at market linkage opportunities para ma-connect ang suppliers sa potential customers. ğŸ¤ Perfect po ito kung hirap kayong makahanap ng customers o suppliers. May organized events po sila where makaka-meet ninyo ang potential business partners! Networking po ito na may direction. ğŸ“ˆ",https://www.dti.gov.ph/tag/market-matching/
Industry Development,Programs,Clustering and Networking,MSME Collaboration,Ano ang benefits ng business clustering?,"Hello ka-SangkAIğŸ˜€ğŸš€!  Shared resources po, collective bargaining power, knowledge exchange, joint marketing, technology sharing, at economies of scale para sa mga MSMEs na nag-collaborate. ğŸ‘¥ Unity is strength po talaga! Mas malakas kayo kapag magkakasamang SMEs kumpara sa individual. Pwede po kayong mag-share ng costs at resources para mas efficient ang operations! ğŸ’ª",https://www.superbusinessmanager.com/the-power-of-clustering/
Industry Development,Opportunities,Design Center Programs,Product Design,May design support ba para sa products?,"Hello ka-SangkAIğŸ˜€ğŸš€!  Opo, ang Design Center of the Philippines po nag-provide ng product design assistance, packaging design, industrial design, at design consultancy services para sa MSMEs. ğŸ¨ Importante po ang good design sa market appeal ng products ninyo. Hindi lang quality, dapat maganda din tingnan para ma-attract ang customers! May professionals po na tutulong sa design ninyo. âœ¨",
Industry Development,Support Services,FDA Coordination,Regulatory Assistance,Tumutulong ba ang DTI sa FDA requirements?,"Hello ka-SangkAIğŸ˜€ğŸš€!  Opo, may coordination programs po between DTI at FDA para sa product registration, licensing requirements, food safety compliance, at regulatory guidance para sa businesses. ğŸ¥ Alam ko po na nakaka-overwhelm yung FDA requirements, pero may tulong po ang DTI para ma-navigate ninyo yung proseso. Hindi kayo mag-isa sa compliance journey! ğŸ“‹",Featured Activity || FDA AND DTI-BOI STRENGTHEN PARTNERSHIP TO SIMPLIFY REGULATORY PROCESSES - Food and Drug Administration
Industry Development,Programs,Young Entrepreneurs,Youth in Business,May special program ba para sa young entrepreneurs?,"Hello ka-SangkAIğŸ˜€ğŸš€!  Opo, may Young Entrepreneurs Program po na nag-provide ng startup support, business training, mentorship, financing assistance, at networking opportunities specifically para sa youth entrepreneurs. ğŸŒŸ Exciting po ito para sa mga kabataan na may business ideas! May special consideration po para sa inyo kasi alam nila na iba ang challenges ng young entrepreneurs. Go lang po! ğŸš€",Youth Entrepreneurship Program (YEP) | Department of Trade and Industry Philippines
Industry Development,Programs,Innovation Support,Research and Development,May innovation support programs ba ang DTI?,"Hello ka-SangkAIğŸ˜€ğŸš€! Opo, nag-support po ng innovation projects, R&D activities, technology development, innovation competitions, at partnerships with research institutions. ğŸ”¬ Perfect po ito kung may mga innovative ideas kayo o gusto ninyong mag-develop ng new products/services. May funding pa po minsan para sa R&D activities! Innovation is the future po! ğŸ’¡","Govâ€™t opens PH Innovation Hub to give end-to-end support for startups, MSMEs"
Industry Development,Programs,Manufacturing Support,Industrial Development,May support ba para sa manufacturing industries?,"Hello ka-SangkAIğŸ˜€ğŸš€!  Opo, may manufacturing development programs po, industrial clustering, supply chain development, technology upgrading, at productivity improvement para sa manufacturing sector. ğŸ­ Importante po ang manufacturing sa ekonomiya ng Pilipinas. May special programs po para sa mga manufacturers para ma-improve ang competitiveness ninyo locally at internationally! ğŸ‡µğŸ‡­",https://www.dti.gov.ph/faps/industry-development-program/
Industry Development,Programs,Agribusiness Development,Agricultural Processing,May programa ba para sa agribusiness?,"Hello ka-SangkAIğŸ˜€ğŸš€!  Opo, nag-promote po ng agribusiness development, food processing, value-adding activities, post-harvest technologies, at market linkage para sa agricultural products. ğŸŒ¾ Noong Marso 2021, inilunsad ng DTI at DA ang Agri-Negosyo Para sa OFWs upang tulungan ang mga repatriated OFWs na makahanap ng kabuhayan. Perfect po ito para sa mga may agricultural background! ğŸšœ","DTI, DA encourage OFWs to invest in agribusiness | Department of Trade and Industry Philippines"
Industry Development,Programs,Services Sector Development,Service Industries,Sumusuporta ba ang DTI sa services sector?,"Hello ka-SangkAIğŸ˜€ğŸš€!  Opo, nag-promote po ng services industries - IT-BPO, tourism, healthcare, education, creative industries, at professional services development. ğŸ’¼ Hindi lang po manufacturing ang focus ng DTI - services din po! Big contribution po ng services sector sa Philippine economy, kaya may support din para sa inyo! ğŸŒŸ",https://mgatungkulin.blogspot.com/2023/05/ano-ang-tungkulin-ng-dti-alamin-ang-mga.html
Industry Development,Opportunities,Value Chain Development,Supply Chain Integration,Ano ang value chain development programs?,"Hello ka-SangkAIğŸ˜€ğŸš€!  Programs po na nag-integrate ng MSMEs sa value chains, supplier development, backward at forward linkages, at supply chain strengthening initiatives. ğŸ”— Importante po ito para ma-connect kayo sa bigger supply chains. Instead na isolated kayo, ma-integrate kayo sa mas malaking sistema ng production at distribution! ğŸ“ˆ",https://www.dti.gov.ph/faps/industry-development-program/
Industry Development,Programs,Franchise Development,Franchising Support,May support ba para sa franchise business?,"Hello ka-SangkAIğŸ˜€ğŸš€!  Opo, nag-promote po ng franchising as business model, franchise development programs, franchisor-franchisee matching, at franchise industry development initiatives. ğŸª Good business model po ang franchising - proven na yung system kaya less risky. May programs po sila para sa mga gusto mag-franchise o mag-offer ng franchise! ğŸ¤",https://filipiknow.net/how-to-register-franchise-business-in-the-philippines/
Industry Development,Programs,Cooperative Development,Cooperative Support,Sumusuporta ba ang DTI sa cooperatives?,"Hello ka-SangkAIğŸ˜€ğŸš€!  Opo, may programs po para sa cooperative development, capacity building, market linkage, business development services, at integration sa value chains. ğŸ‘¥ Strong po ang cooperative movement sa Pilipinas. May special programs po para sa cooperatives kasi alam nila na iba ang structure at needs ninyo compared sa regular businesses! ğŸ¤",DTI chief cites cooperativesâ€™ role in helping small biz | Philippine News Agency
Economic Growth,Programs,Entrepreneurship Development,Startup Support,May comprehensive startup ecosystem support ba ang DTI?,"Hello ka-SangkAIğŸ˜€ğŸš€!  Opo, may entrepreneurship development programs po, business incubation support, startup training, innovation hubs, angel investor networks, at comprehensive ecosystem development para sa lahat ng startup stages. ğŸš€ Exciting po ang startup scene sa Pilipinas ngayon! May support po from ideation stage hanggang scaling up. Hindi po ito exclusive sa tech startups - lahat ng industry pwede! ğŸ’¡",https://www.dti.gov.ph/tag/startup/
Economic Growth,Opportunities,Market Access Program,Market Linkage,Paano makakakuha ng market opportunities para sa business?,"Hello ka-SangkAIğŸ˜€ğŸš€!  Sumali po kayo sa DTI trade fairs, market matching events, buyer-seller meetings, online marketplaces, government procurement opportunities, export programs, at regional trade missions para sa domestic at international markets. ğŸŒ Maraming opportunities po, kailangan lang ninyo ma-explore! May organized events po sila regularly para ma-connect kayo sa potential customers. ğŸ¤",https://homernievera.com/palaguin-ang-negosyo-sa-5-paraan-na-ito/
Economic Growth,Support Services,Business Information Services,Market Data,Saan makakakuha ng comprehensive market research at industry data?,"Hello ka-SangkAIğŸ˜€ğŸš€!  Sa DTI Trade and Industry Information Center po na nag-provide ng industry analysis, market studies, trade statistics, investment opportunities, competitor analysis, at comprehensive business intelligence. ğŸ“Š Importante po ito para sa strategic planning ninyo. Knowledge is power po sa business! May mga reports po sila na pwede ninyong gamitin para sa business decisions. ğŸ§ ",https://www.dti.gov.ph/statisticaldatapack/
Economic Growth,Programs,Women Entrepreneurs Network,Women in Business,Ano ang support para sa women entrepreneurs?,"Hello ka-SangkAIğŸ˜€ğŸš€!  Specialized training programs po, networking events, financing access, mentoring, market linkage, leadership development, at gender-responsive business support services. ğŸ‘©â€ğŸ’¼ Alam po namin na double yung challenge ng women entrepreneurs - business tas family pa. Kaya may mga programs po na considerate sa situation ninyo. Maging successful din po kayong lahat! ğŸ’ªâœ¨",https://www.dti.gov.ph/good-governance-program/gad-program/
Economic Growth,Programs,Digital Economy,E-commerce Development,May support ba para sa digital transformation?,"Hello ka-SangkAIğŸ˜€ğŸš€!  Opo, may digital economy programs po para sa e-commerce adoption, digital marketing training, online platform development, digital payment systems, at comprehensive digital transformation support. ğŸ“± Sobrang importante po ng digital ngayon especially after pandemic! Step by step po ang training, hindi bigla-biglaang full digital agad! ğŸ’»",DTI to catalyze financial digital transformation of PH MSMEs | Department of Trade and Industry Philippines
Economic Growth,Programs,StartUp PH,Innovation Ecosystem,Ano ang StartUp PH program?,"Hello ka-SangkAIğŸ˜€ğŸš€!  Comprehensive startup ecosystem development po na nag-create ng innovation hubs, incubators, accelerators, startup competitions, investor matching, at mentorship networks nationwide. ğŸ¢ One-stop support po ito para sa startup community. From idea stage pa lang hanggang sa actual business operations, may support po kayo! ğŸŒŸ",https://startup.e.gov.ph/
Economic Growth,Programs,Rural Economic Development,Countryside Development,May programa ba para sa rural areas?,"Hello ka-SangkAIğŸ˜€ğŸš€!  Opo, may rural economic development programs po na nag-promote ng countryside industries, agribusiness development, rural entrepreneurship, at livelihood programs sa mga probinsya. ğŸŒ¾ Hindi po focused lang sa Metro Manila ang DTI - may programs din po para sa mga nasa provinces. Local economic development po ito! ğŸ˜ï¸",https://www.dti.gov.ph/archives/news-archives/dti-alleviates-poverty-in-rural-areas-generates-more-jobs-thru-rapid-project/
Economic Growth,Support Services,Industry Analysis,Market Research,May industry research services ba ang DTI?,"Hello ka-SangkAIğŸ˜€ğŸš€!  Opo, ang TIIC po nag-conduct ng industry analysis, market studies, economic research, trade statistics, competitor analysis, at comprehensive business intelligence services. ğŸ“ˆ Free po ang basic information, pero may detailed reports din po na available. Useful po ito para sa market entry o business expansion planning! ğŸ“‹",https://www.dti.gov.ph/
Economic Growth,Programs,Skills Development,Capacity Building,May training programs ba para sa business skills?,"Hello ka-SangkAIğŸ˜€ğŸš€!  Opo, may comprehensive skills development programs po - entrepreneurship training, technical skills, management development, digital literacy, at specialized industry training. ğŸ“ Importante po ang continuous learning sa business. May mga workshops po sila regularly na pwede ninyong attendan para ma-improve ang skills ninyo! ğŸ“š",https://www.dti.gov.ph/negosyo/trainings-and-seminars/
Economic Growth,Programs,Trade Training Center,Export Training,Saan pwedeng mag-training para sa export business?,"Hello ka-SangkAIğŸ˜€ğŸš€!  Sa Philippine Trade Training Center (PTTC) po na nag-offer ng export training programs, international business courses, trade documentation, at export marketing seminars. ğŸŒ Perfect po ito kung gusto ninyong mag-venture sa international market. May specialized training po para sa export business na iba sa domestic business! âœˆï¸",https://www.dti.gov.ph/negosyo/trainings-and-seminars/
Economic Growth,Programs,Kadiwa Program,Direct Marketing,Ano ang Kadiwa ni Ani at Kita program?,"Hello ka-SangkAIğŸ˜€ğŸš€!  Direct marketing program po na nag-connect ng farmers at fishermen directly sa consumers, eliminating middlemen at ensuring fair prices para sa producers at consumers. ğŸŒ½ Win-win situation po ito - mas fair price para sa farmers, mas mura para sa consumers! May physical at online platforms po para sa direct selling. ğŸŸ",Facing the pandemic: Kadiwa ni Ani at Kita Program | Philippines Graphic
Economic Growth,Programs,Inclusive Business,Base-of-Pyramid,Ano ang inclusive business program?,"Hello ka-SangkAIğŸ˜€ğŸš€!  Programs po na nag-integrate ng low-income sectors sa value chain as suppliers, distributors, o consumers, creating shared value at sustainable livelihoods. ğŸ¤ Hindi po ito charity - business opportunity po ito na may social impact. Pwede po kayong mag-partner with low-income communities para sa mutual benefit! ğŸ’š",https://www.dti.gov.ph/category/asean/inclusive-business/
Economic Growth,Programs,Competitiveness Programs,Industry Competitiveness,May programs ba para sa industry competitiveness?,"Hello ka-SangkAIğŸ˜€ğŸš€!  Opo, nag-implement po ng competitiveness programs, productivity enhancement, innovation support, quality improvement, at competitive positioning initiatives. ğŸ† Importante po ito para sa global competitiveness ng Philippine industries. May benchmarking studies din po para malaman ninyo kung saan kayo nakakampante sa industry! ğŸ“Š",https://www.dti.gov.ph/faps/industry-development-program/
Economic Growth,Support Services,Policy Research,Economic Analysis,Nag-conduct ba ng policy research ang DTI?,"Hello ka-SangkAIğŸ˜€ğŸš€!  Opo, nag-conduct po ng policy research, economic analysis, industry studies, regulatory impact assessments, at policy recommendations para sa trade and industry development. ğŸ“š May research arm po ang DTI na nag-study ng mga economic trends at policies. May mga published studies po sila na pwede ninyong basahin! ğŸ”",https://www.dti.gov.ph/
Economic Growth,Programs,Green Economy,Sustainable Development,May green economy initiatives ba ang DTI?,"Hello ka-SangkAIğŸ˜€ğŸš€!  Opo, nag-promote po ng sustainable business practices, green technologies, environmental compliance, circular economy, at sustainable development initiatives. ğŸŒ± Importante po ang sustainability ngayon - hindi lang profit, dapat environment-friendly din. May incentives pa po para sa green businesses! Future-proof po ang green economy. ğŸŒ",https://www.dti.gov.ph/news/dti-led-ecozone-drive-secures-php-66-billion-investments-may-2025/
Economic Growth,Programs,Tourism Industry Support,Tourism Development,May support ba ang DTI para sa tourism industry?,"Hello ka-SangkAIğŸ˜€ğŸš€!  Opo, nag-coordinate po sa tourism industry development, hospitality services improvement, tourism product development, at tourism-related business support. ğŸ–ï¸ Big industry po ang tourism sa Pilipinas! May special programs po para sa mga tourism-related businesses lalo na after ng pandemic recovery. Bounce back po tayo! âœˆï¸",https://tribune.net.ph/2025/04/07/dti-dot-join-force-to-uplift-tourism-msmes
Economic Growth,Programs,Creative Industries,Creative Economy,Sumusuporta ba ang DTI sa creative industries?,"Hello ka-SangkAIğŸ˜€ğŸš€!  Opo, nag-promote po ng creative industries - arts, crafts, design, media, entertainment, cultural products, at creative entrepreneurship development. ğŸ¨ Growing sector po ito! Hindi lang traditional businesses - creative industries din po. May programs po para sa artists, designers, content creators na gusto mag-business! ğŸ­",DTI launches website for Philippine Creative Industries
Investment Promotion,Institutional Service,Investment Facilitation,Investor Assistance,Ano ang comprehensive investment support ng DTI?,"Hello ka-SangkAIğŸ˜€ğŸš€!  Investment facilitation services po, regulatory guidance, site selection assistance, permits coordination, investor aftercare, policy advocacy, at end-to-end support para sa domestic at foreign investors sa lahat ng investment sizes. ğŸ’¼ Hindi po ito exclusive sa malalaking investors - MSMEs din po pwede mag-avail ng investment support! May one-stop-shop po sila para sa investors. ğŸ¢","https://www.dti.gov.ph/about/#:~:text=DTI%20Philippines%20aims%20to%20achieve%20a%20global%20position,a%20harmonized%20investment%20facilitation%20to%20identify%20priority%20investments."
Investment Promotion,Opportunities,Investment Incentives Program,BOI Registration,Ano ang comprehensive benefits ng BOI registration?,"Hello ka-SangkAIğŸ˜€ğŸš€!  Tax incentives po (income tax holiday, reduced rates), duty-free importation ng equipment, tax credits, employment incentives, simplified procedures, at iba pang benefits depende sa industry, location, at investment amount. ğŸ’° Malaking savings po ito sa taxes! Perfect po para sa mga qualified investments. May ROI po kayo agad sa tax savings! ğŸ“ˆ","https://philippinesbusinessregistration.com/tax-incentives/boi-registration/#:~:text=The%20BOI%20operates%20under%20the%20authority%20of%20the,of%20areas%20of%20investments%20eligible%20for%20government%20incentives."
Investment Promotion,Support Services,One-Stop-Shop Services,Business Registration,Ano ang comprehensive services ng Business One-Stop-Shop?,"Hello ka-SangkAIğŸ˜€ğŸš€!  Integrated business registration services po na nag-consolidate ng multiple government agency requirements sa isang location - DTI, BIR, SSS, Philhealth, Pag-IBIG, LGU permits, at iba pa para sa streamlined processing. ğŸª Hindi na kayo mag-ikot-ikot sa iba't ibang agencies! Isang location lang para sa lahat ng requirements. Time-saver po ito! â°",https://realquezon.gov.ph/business-one-stop-shop-eboss/
Investment Promotion,Opportunities,PEZA Registration,Economic Zone Benefits,Ano ang PEZA registration benefits?,"Hello ka-SangkAIğŸ˜€ğŸš€!  Tax incentives po, duty-free importation, simplified customs procedures, infrastructure support, foreign ownership allowances, at access sa developed industrial parks. ğŸ­ Premium location po ang PEZA zones with world-class infrastructure. May special privileges po ang PEZA-registered companies! ğŸŒŸ","https://www.dvconsultingph.com/post/philippine-economic-zone-authority-peza-registration-benefits#:~:text=Registered%20companies%20enjoy%20tax%20incentives%2C%20duty-free%20importation%20of,competitiveness%2C%20and%20expand%20their%20operations%20in%20the%20Philippines."
Investment Promotion,Support Services,Investment Aftercare,Investor Retention,May support ba para sa existing investors?,"Hello ka-SangkAIğŸ˜€ğŸš€!  Opo, may investment aftercare services po - problem resolution, expansion assistance, policy updates, networking opportunities, at retention programs para sa established investors. ğŸ¤ Hindi po kayo tinitira after investment - may ongoing support po para sa success ninyo. Long-term partnership po ito! ğŸ’ª",https://www.bsp.gov.ph/Pages/IRG/DTI%20Manila%20May.pdf
Investment Promotion,Institutional Service,Investment Mission Support,Investor Delegations,Sumusuporta ba ang DTI sa investment missions?,"Hello ka-SangkAIğŸ˜€ğŸš€!  Opo, nag-organize at sumusuporta po sa investment missions, foreign investor delegations, business matching events, at investment promotion activities locally at internationally. ğŸŒ May organized events po sila para ma-meet ninyo ang potential investors. Networking opportunities po ito for investment! ğŸ¤","https://www.dti.gov.ph/about/#:~:text=The%20Department%20of%20Trade%20and%20Industry%20%28DTI%29%20serves,for%20the%20country%E2%80%99s%20trade%2C%20industry%2C%20and%20investment%20activities."
Investment Promotion,Support Services,Investment Information,Investment Guide,Saan makakakuha ng investment information?,"Hello ka-SangkAIğŸ˜€ğŸš€!  Sa DTI Investment Promotions Group po na nag-provide ng investment guides, sector briefings, investment opportunities database, regulatory information, at comprehensive investor assistance. ğŸ“Š Complete information po para sa investment decisions ninyo. May sector-specific guides din po sila! ğŸ“‹",https://assistance.ph/department-of-trade-and-industry-dti/
Investment Promotion,Opportunities,Regional Investment,Provincial Opportunities,May regional investment opportunities ba?,"Hello ka-SangkAIğŸ˜€ğŸš€!  Opo, ang DTI regional offices po nag-promote ng provincial investment opportunities, location advantages, regional incentives, at local investment facilitation services. ğŸ—ºï¸ Hindi lang Metro Manila - maraming investment opportunities din po sa provinces! May location advantages pa po sa provinces like lower costs! ğŸŒ¾",https://www.dti.gov.ph/
Investment Promotion,Opportunities,Clark Development,Clark Freeport,Ano ang benefits ng Clark Freeport Zone?,"Hello ka-SangkAIğŸ˜€ğŸš€!  Special economic zone benefits po, tax incentives, strategic location, world-class infrastructure, simplified procedures, at access sa international airport at logistics facilities. âœˆï¸ Premium location po ito with excellent connectivity. Perfect po para sa logistics at aviation-related businesses! ğŸ›«",Clark Freeport: An epicenter of growth | Inquirer Business
Investment Promotion,Opportunities,Subic Bay,Subic Freeport,Ano ang advantages ng Subic Bay Freeport?,"Hello ka-SangkAIğŸ˜€ğŸš€!  Duty-free status po, tax incentives, excellent port facilities, strategic location, streamlined procedures, at comprehensive business support services sa special economic zone. ğŸš¢ Perfect po para sa import-export businesses kasi may port access! Strategic location din po para sa international trade. âš“",Why Subic (Invest)
Investment Promotion,Institutional Service,Investment Matchmaking,Investor-Business Matching,May investment matchmaking services ba?,"Hello ka-SangkAIğŸ˜€ğŸš€!  Opo, nag-facilitate po ng investor-business matching, investment forums, business opportunity presentations, at partnership development between investors at local businesses. ğŸ’° Tumutulong po sila na ma-match kayo sa right investors for your business needs. Dating app pero para sa business! ğŸ˜„",https://fastercapital.com/content/A-Guide-to-Matchmaking-with-Investment-Banking-Services.html
Investment Promotion,Support Services,Investment Policy,Regulatory Framework,Ano ang role ng DTI sa investment policy?,"Hello ka-SangkAIğŸ˜€ğŸš€!  Policy formulation po, regulatory reform, investment climate improvement, ease of doing business initiatives, at investment promotion strategy development. ğŸ“œ Nag-work po sila para mas madaling mag-invest sa Pilipinas. Policy reforms po para sa better investment climate! ğŸ›ï¸",About | Department of Trade and Industry Philippines
Investment Promotion,Opportunities,Foreign Direct Investment,FDI Promotion,Paano nag-attract ng foreign direct investment ang DTI?,"Hello ka-SangkAIğŸ˜€ğŸš€!  Investment promotion missions po, investor targeting, sector presentations, investment facilitation, regulatory assistance, at comprehensive FDI attraction strategies. ğŸŒ May active campaigns po sila para ma-attract ang foreign investors. Good for the economy at job creation po ito! ğŸ‡µğŸ‡­",https://www.dti.gov.ph/tag/foreign-investments/
Investment Promotion,Opportunities,Investment Opportunities,Sector Opportunities,Saan makakakita ng investment opportunities sa Philippines?,"Hello ka-SangkAIğŸ˜€ğŸš€!  Sa DTI investment portal po na may comprehensive listing ng investment opportunities by sector, region, investment size, at business models available para sa investors. ğŸ’» Online database po ito ng investment opportunities. Pwede po kayong mag-browse by industry o location! ğŸ”",https://www.dti.gov.ph/
Law Enforcement,Regulatory Services,Intellectual Property Enforcement,IP Protection,Paano ma-protect ang intellectual property rights?,"Hello ka-SangkAIğŸ˜€ğŸš€!  Mag-register po kayo sa IPOPHL para sa trademarks, patents, copyrights, utility models, industrial designs. ğŸ“ May enforcement mechanisms din po para sa IP violations, counterfeiting, at unauthorized use. Importante po ito para protektahan ang innovations at creative works ninyo! Don't let others steal your ideas! ğŸ’¡ğŸ›¡ï¸",Philippine Intellectual Property Rights
Law Enforcement,Institutional Service,Anti-Illegal Trading Operations,Counterfeit Products,Saan ireport ang illegal trading activities?,"Hello ka-SangkAIğŸ˜€ğŸš€!  Sa DTI FTEB po para sa counterfeit products, smuggled goods, illegal importation, trademark violations, deceptive trade practices, at lahat ng forms ng illegal commercial activities. ğŸš¨ Wag po tayong mag-tolerate ng illegal trading! May hotline po sila para sa reports. Anonymous reporting din po pwede! ğŸ“",https://www.respicio.ph/commentaries/reporting-unlicensed-businesses-and-tax-violations-in-the-philippines
Law Enforcement,Institutional Service,Anti-Pyramiding,Investment Scams,Paano ma-identify ang pyramiding schemes?,"Hello ka-SangkAIğŸ˜€ğŸš€!  Mag-ingat po sa guaranteed high returns, recruitment-based earnings, registration fees, walang legitimate products/services, at ""get-rich-quick"" promises. ğŸš© I-verify po sa DTI o SEC. Kung too good to be true, most likely scam po yan. Protect your hard-earned money! ğŸ’¸âš ï¸",https://www.alburolaw.com/pyramiding-and-ponzi-schemes/
Law Enforcement,Institutional Service,MLM Regulation,Multi-Level Marketing,Legal ba ang MLM sa Philippines?,"Hello ka-SangkAIğŸ˜€ğŸš€!  Legal po kung registered sa DTI, may legitimate products/services, reasonable compensation plan, hindi pure recruitment scheme, at sumusunod sa DTI MLM guidelines. âœ… May legitimate MLM companies naman po, pero marami rin scams. I-verify po ninyo sa DTI kung legitimate yung MLM na sasalihan ninyo! ğŸ”",https://finanssenteret.as/i/is-mlm-legal-in-philippines/
Law Enforcement,Institutional Service,Anti-Counterfeiting,Brand Protection,Paano i-combat ang counterfeit products?,"Hello ka-SangkAIğŸ˜€ğŸš€!  Mag-report po sa DTI FTEB, mag-coordinate sa customs, mag-file ng IP cases, mag-conduct ng market surveillance, at mag-participate sa anti-counterfeiting operations. ğŸ›¡ï¸ Harmful po ang counterfeits - sa consumers at sa legitimate businesses. May enforcement teams po ang DTI para sa anti-counterfeiting operations! ğŸ‘®â€â™‚ï¸","https://www.respicio.ph/dear-attorney/ensuring-consumer-protection-and-pursuing-redress-for-counterfeit-goods-under-philippine-law#:~:text=This%20article%20aims%20to%20comprehensively%20outline%20the%20rights,mechanisms%2C%20and%20practical%20remedies%20available%20in%20the%20Philippines."
Law Enforcement,Institutional Service,Deceptive Sales,False Advertising,Saan ireport ang false advertising?,"Hello ka-SangkAIğŸ˜€ğŸš€!  Sa DTI FTEB po para sa misleading claims, deceptive pricing, false warranties, bait-and-switch tactics, at lahat ng deceptive business practices na harmful sa consumers. ğŸ“º Nakaka-inis po ang false advertising! May consumer protection laws po tayo against sa ganyan. Report ninyo po para ma-stop ang deceptive practices! ğŸš«",https://fairtrade.dti.gov.ph/services/complaints-handling/
Law Enforcement,Regulatory Services,Market Surveillance,Compliance Monitoring,Ano ang market surveillance activities ng DTI?,"Hello ka-SangkAIğŸ˜€ğŸš€!  Regular monitoring po ng market practices, compliance checks, product quality verification, price monitoring, at enforcement operations para sa consumer protection. ğŸ‘€ May mga inspectors po sila na nag-roround sa markets at establishments. Random inspections po para ma-ensure ang compliance! Hindi kayo alam kung kailan sila dadating. ğŸ•µï¸â€â™‚ï¸","https://fairtrade.dti.gov.ph/services/monitoring-and-enforcement/#:~:text=DTI%20constitutes%20its%20own%20monitoring%20task%20force%20nationwide,in%20groceries%2C%20supermarkets%2C%20flour%20retailers%20and%20hardware%20stores."
Law Enforcement,Regulatory Services,Trade Standards Compliance,Standards Enforcement,Paano mo i-ensure ang trade standards compliance?,"Hello ka-SangkAIğŸ˜€ğŸš€!  Regular inspections po, product testing, certification verification, compliance monitoring, at enforcement actions para sa businesses na hindi sumusunod sa standards. âœ… May minimum standards po na dapat sundin ng lahat ng businesses. Hindi po ito optional - required po ito! ğŸ“",https://www.dti.gov.ph/resources/faqs/
Law Enforcement,Regulatory Services,Competition Policy,Market Competition,Ano ang role ng DTI sa competition policy?,"Hello ka-SangkAIğŸ˜€ğŸš€!  Policy development po, competition advocacy, merger review support, anti-competitive practices monitoring, at coordination with Philippine Competition Commission. âš–ï¸ May partnership po sila with PCC para sa fair competition sa market. Anti-monopoly po ang stance ng government! ğŸ¤",About | Department of Trade and Industry Philippines
Law Enforcement,Institutional Service,Product Safety,Safety Enforcement,Paano ini-ensure ng DTI ang product safety?,"Hello ka-SangkAIğŸ˜€ğŸš€!  Product testing po, safety standards enforcement, market surveillance, product recalls, safety alerts, at coordination with regulatory agencies para sa consumer safety. ğŸ›¡ï¸ Safety first po lagi! May mga safety standards na dapat sundin ng lahat ng products. Wag po tayong mag-compromise sa safety! âš ï¸",https://www.dti.gov.ph/konsyumer/
Law Enforcement,Regulatory Services,Enforcement Operations,Compliance Operations,Ano ang enforcement operations ng DTI?,"Hello ka-SangkAIğŸ˜€ğŸš€!  Market inspections po, compliance monitoring, enforcement raids, administrative sanctions, case investigations, at prosecution support para sa trade law violations. ğŸ‘®â€â™‚ï¸ May enforcement powers po ang DTI! Hindi lang basta papel yung mga batas - may teeth po ito. May consequences po kapag nag-violate kayo! âš–ï¸",https://fairtrade.dti.gov.ph/services/monitoring-and-enforcement/
Global Trade Relations,Institutional Service,Export Development Services,Export Assistance,Ano ang comprehensive export support ng DTI?,"Hello ka-SangkAIğŸ˜€ğŸš€!  Export development training po, market intelligence, trade missions, export financing assistance, product development support, certification guidance, documentation assistance, at end-to-end export facilitation para sa lahat ng exporters. ğŸŒ Pwede po kayong mag-export even as small business! Hindi lang po yan para sa malalaking companies. May success stories po ng small exporters! âœˆï¸",DTI scales up exporter support amid global trade challenges | Department of Trade and Industry Philippines
Global Trade Relations,Institutional Service,Certificate of Origin,Export Documentation,Kailan kailangan ng Certificate of Origin?,"Hello ka-SangkAIğŸ˜€ğŸš€!  Required po yan para sa export documentation, customs clearance, preferential tariff treatment, trade agreement benefits, product origin verification, at compliance sa international trade requirements. ğŸ“„ Importante po ito para ma-prove na galing Philippines ang products ninyo. May tariff benefits pa po kayo sa ibang countries! ğŸ‡µğŸ‡­",https://pcci.itcbs.net/certificate-of-origin/
Global Trade Relations,Programs,OTOP Program,Local Products,Ano ang comprehensive support ng One Town One Product program?,"Hello ka-SangkAIğŸ˜€ğŸš€!  Product development assistance po, branding support, marketing promotion, market linkage, packaging improvement, quality enhancement, distribution networks, at comprehensive local product promotion para sa regional specialties. ğŸª Pride of the Philippines po ang mga local products! May unique specialties po ang bawat region na pwedeng ma-market globally! ğŸŒŸ",https://www.dti.gov.ph/negosyo/otop-ph/
Global Trade Relations,Programs,Trade Missions,International Trade,Paano makakasama sa international trade missions?,"Hello ka-SangkAIğŸ˜€ğŸš€!  Mag-apply po kayo sa DTI Export Development Council, submit requirements, bayad ng participation fee. ğŸ›« May subsidized participation po para sa qualified MSMEs at exporters. Exciting po ito - makaka-travel pa kayo for business! May business matching events din po sa mga trade missions. ğŸ¤",https://www.dti.gov.ph/overseas/
Global Trade Relations,Institutional Service,Trade Information,Market Intelligence,Saan makakakuha ng international market information?,"Hello ka-SangkAIğŸ˜€ğŸš€!  Sa DTI TIIC po, trade attachÃ© offices worldwide, market studies, trade statistics, export opportunity reports, at international market intelligence services. ğŸ“Š Importante po ang market intelligence before mag-export. Know your market muna before entering! May country profiles din po sila. ğŸ—ºï¸",https://www.dti.gov.ph/overseas/
Global Trade Relations,Programs,Trade Facilitation,Process Simplification,Paano i-simplify ang export procedures?,"Hello ka-SangkAIğŸ˜€ğŸš€!  Sa pamamagitan ng DTI trade facilitation programs po na nag-streamline ng export documentation, customs procedures, regulatory compliance, digital processing, at inter-agency coordination. ğŸ“‹ Ginagawan po ng paraan para mas madali ang export process. Less bureaucratic red tape po! âš¡",https://customs.gov.ph/guidelines-on-exportation/
Global Trade Relations,Programs,International Trade Fairs,Global Exhibitions,Paano makaka-participate sa international trade shows?,"Hello ka-SangkAIğŸ˜€ğŸš€!  Mag-apply po kayo sa DTI para sa subsidized participation sa major international trade fairs worldwide. ğŸŒ May pavilion support po, marketing assistance, at comprehensive international exposure programs. Magandang opportunity po ito para ma-showcase ang Philippine products globally! May networking opportunities din po with international buyers! ğŸª",https://www.dti.gov.ph/overseas/
Global Trade Relations,Institutional Service,Trade AttachÃ© Services,Commercial Diplomacy,Ano ang services ng trade attachÃ© offices?,"Hello ka-SangkAIğŸ˜€ğŸš€!  Commercial diplomacy support po, market intelligence, trade promotion, investment facilitation, business matching, dispute resolution, at representation ng Philippine business interests abroad. ğŸ›ï¸ May mga trade attachÃ© po tayo sa major countries na tumutulong sa Philippine businesses abroad. Parang ambassadors po natin for trade! ğŸ‡µğŸ‡­",About | Department of Trade and Industry Philippines
Global Trade Relations,Institutional Service,Export Market Development,New Markets,Paano ma-develop ang new export markets?,"Hello ka-SangkAIğŸ˜€ğŸš€!  Market research po, buyer identification, product adaptation, marketing strategies, trade promotion, partnership development, at comprehensive market entry support para sa new destinations. ğŸ¯ Hindi po kayo mag-iisa sa pag-enter ng new markets - may guidance po ang DTI. May country-specific strategies din po sila! ğŸ—ºï¸",https://www.dti.gov.ph/sdm_downloads/philippine-export-development-plan-2023-2028/
Global Trade Relations,Institutional Service,Foreign Trade Zones,Customs Zones,Ano ang foreign trade zone benefits?,"Hello ka-SangkAIğŸ˜€ğŸš€!  Duty suspension po, simplified customs procedures, bonded warehouse facilities, re-export opportunities, at special customs treatment para sa international trade operations. ğŸ“¦ Perfect po ito para sa trading businesses na nag-import at re-export. May tax advantages din po sa foreign trade zones! ğŸ’°","Understanding Foreign Trade Zones: Benefits for Importers and Exporters | Pedraza Custom House Brokers, Inc."
Global Trade Relations,Programs,PITC Services,Government Trading,Ano ang role ng Philippine International Trading Corporation?,"Hello ka-SangkAIğŸ˜€ğŸš€!  Government trading arm po na nag-facilitate ng state-to-state trading, barter trade, commodity trading, at special government trading operations para sa national interest. ğŸ›ï¸ May mga special trading arrangements po ang government through PITC. Big deals po usually ang ginagawa nila! ğŸ’¼",https://pitc.gov.ph/
Global Trade Relations,Institutional Service,Trade Agreements,Negotiations,Ano ang role ng DTI sa trade agreements?,"Hello ka-SangkAIğŸ˜€ğŸš€!  Lead agency po sa trade negotiations, bilateral at multilateral trade agreements, FTA negotiations, trade policy formulation, at implementation ng international trade commitments. ğŸ¤ May mga trade agreements po tayo with other countries na nag-bibigay ng benefits sa Philippine exporters! Lower tariffs po sa partner countries! ğŸ“œ",About | Department of Trade and Industry Philippines
Global Trade Relations,Institutional Service,Export Financing,Financial Support,May export financing assistance ba ang DTI?,"Hello ka-SangkAIğŸ˜€ğŸš€!  Opo, may partnerships po with financial institutions para sa export financing, trade credit insurance, working capital loans, at financial support para sa exporters. ğŸ’³ Alam po namin na malaking capital ang kailangan para sa export business. Kaya may financing assistance po para sa qualified exporters! ğŸ’°",DTI scales up exporter support amid global trade challenges | Department of Trade and Industry Philippines
Global Trade Relations,Institutional Service,Trade Statistics,Trade Data,Saan makakakuha ng trade statistics?,"Hello ka-SangkAIğŸ˜€ğŸš€!  Sa DTI Trade and Industry Information Center po na nag-maintain ng comprehensive trade database, export-import statistics, market data, at trade performance indicators. ğŸ“Š May mga reports po sila about trade performance ng Philippines. Useful po ito para sa market research at business planning! ğŸ“ˆ",Statistical Datapack | Department of Trade and Industry Philippines
Global Trade Relations,Programs,Export Product Development,Product Enhancement,May support ba para sa export product development?,"Hello ka-SangkAIğŸ˜€ğŸš€!  Opo, nag-provide po ng product development assistance, design improvement, packaging enhancement, quality upgrading, at certification support para sa export products. ğŸ“¦ Hindi lang basta i-export ang products - dapat export-quality talaga! May standards po na dapat sundin para sa international markets. âœ¨",DTI scales up exporter support amid global trade challenges | Department of Trade and Industry Philippines
Global Trade Relations,Institutional Service,Export Documentation,Trade Documents,Tumutulong ba ang DTI sa export documentation?,"Hello ka-SangkAIğŸ˜€ğŸš€!  Opo, nag-provide po ng guidance sa export documentation requirements, trade documents preparation, customs procedures, at regulatory compliance para sa exporters. ğŸ“‹ Alam po namin na nakaka-confuse ang export documents. Kaya may guidance po para hindi kayo ma-delay sa customs! Step-by-step po ang guidance nila. ğŸ“",https://www.dti.gov.ph/negosyo/exports/
Global Trade Relations,Programs,Brand Philippines,Country Branding,Ano ang Brand Philippines program?,"Hello ka-SangkAIğŸ˜€ğŸš€!  National branding initiative po para i-promote ang Philippine products at services globally, enhance country image, at improve competitiveness sa international markets. ğŸ‡µğŸ‡­ Proud to be Pinoy products po! Ginagawa po nitong recognizable ang ""Made in Philippines"" label globally. Quality products from the Philippines! âœ¨",Bagong Pilipinas
Suggestion,Business Improvement,Logistics,Sourcing Materials,"Saan ako makakabili ng [name of raw materials]  na malapit sa akin [location]?
","Hello ka-SangkAI! ğŸš€ Maari ko bang malaman kung saan ang iyong negosyo? [Chatbot should prompt for userâ€™s location] ğŸ˜€

Kapag nasabi mo na ang iyong lokasyon, narito ang ilang mga suppliers o tindahan kung saan ka makakabili ng [name of raw materials]:
ğŸ“ [Nearby Supplier 1 with link]
ğŸ“ [Nearby Supplier 2 with link]
ğŸ“ [Online Marketplaces like Lazada, Shopee, or Facebook Marketplace]

ğŸ’¡ Tip: Pwede ka ring sumali sa mga FB Groups ng local entrepreneurs para magtanong ng direct suppliers sa inyong lugar.",
Suggestion,Business Improvement,Cut Operational Cost,Sales Optimization,Paano ko maiimprove ang aking sales?,"Hello ka-SangkAI! ğŸš€Ito ang mga maaari mong gawin para maimprove ang iyong sales:
[shows suggestions on how to improve sales]",
Suggestion,Business Improvement,Operations,Inventory Management,Paano ko mapapamahalaan nang mas maayos ang inventory ko?,"Hello ka-SangkAIğŸ˜€ğŸš€, ganito ang mga maaari mong gawin: 
[shows more cost-cutting suggestions based on inventory]",
Suggestion,Business Improvement,Finance,Staff Self-Service,Pwede bang makita ng staff ang payslip nila online?,"Hello Ka-SangkAIğŸ˜€ğŸš€, hindi makikita ng mga staff ang kanilang payslip maliban nalang kung ipakita mo mismo sa kanila!",
Suggestion,Business Improvement,Finance,,Saan ako pwedeng magpakonsulta sa aking negosyo?,"Hello ka-SangkAIğŸ˜€ğŸš€, maraming libreng consultation services para sa mga MSMEs! Narito ang mga pwede mong lapitan:

ğŸ§  Negosyo Center (DTI) â€“ may mga business counselors na pwedeng tumulong sa strategy, registration, at compliance
ğŸŒ Go Negosyo (www.gonegosyo.net) â€“ may mentorship programs para sa aspiring entrepreneurs
ğŸ’¼ PhilDev / StartUp PH / IdeaSpace â€“ para sa tech or innovation-driven businesses
ğŸ“± Online Communities â€“ FB Groups gaya ng â€œOnline Negosyo PHâ€ o â€œStartUp PHâ€

Gusto mo bang hanapan kita ng pinakamalapit na DTI Negosyo Center?",
Suggestion,Business Improvement,Marketing & Sales,Online Presence,Paano ko mapapalakas ang online presence ng negosyo ko?,"Hello ka-SangkAIğŸ˜€ğŸš€, pwede mong gawin ito:
ğŸŒ Gumawa ng FB Page at Google Business Profile                                        
ğŸ“¸ Mag-post ng high-quality photos                                        
ğŸ“ˆ Gumamit ng hashtags at sumali sa online seller groups para sa visibility!
[shows more suggestions]",
Suggestion,Business Improvement,Customer Service,Handling Complaints,May reklamo ang customer koâ€”ano ang tamang gawin?,"Hello ka-SangkAIğŸ˜€ğŸš€, ito ang tamang hakbang kapag may reklamo ang customer:

ğŸ‘‚ Makinig muna â€“ pakinggan ang full concern nila nang hindi nag-iinterrupt
ğŸ™ Mag-sorry agad kung may pagkukulang â€“ kahit hindi ikaw ang may kasalanan, it helps to show empathy<brğŸ”§ Magbigay ng malinaw na solusyon â€“ palitan ang item, ayusin ang serbisyo, o ibigay ang refund kung kailangan<brğŸ“ I-record ang complaint â€“ para may reference at maiwasan sa susunod",
Suggestion,Business Improvement,Finance,Pricing Strategy ,Paano ko malalaman kung tama ang presyo ng produkto ko?,"Hello ka-SangkAIğŸ˜€ğŸš€, narito ang steps para siguraduhing makatarungan at competitive ang presyo mo:

ğŸ§® I-compute ang total cost â€“ kasama ang materials, labor, overhead (e.g. kuryente, renta)
ğŸ“ˆ Magdagdag ng markup/profit margin â€“ karaniwan 20%â€“40% depende sa industriya
ğŸ“Š I-compare sa competitors â€“ wag sobrang taas o baba para hindi mawalan ng tiwala ang customers
ğŸ“¦ Magbigay ng value â€“ halimbawa, free delivery o eco-packaging para worth it ang presyo mo
",
Suggestion,Business Improvement,Product-based Improvement,Feedback-based Innovation,Anong produkto pa ang pwede kong idagdag sa negosyo ko?,"Ka-SangkAIğŸ˜€ğŸš€, magandang tanong 'yan! Eto ang paraan para makahanap ng next winning product:

ğŸ“‹ Mangolekta ng feedback â€“ itanong sa customers kung ano pa ang gusto nila
ğŸ“± Gamitin ang social media polls â€“ para mabilis malaman kung ano ang usong produkto
ğŸ§  Observe competitor trends â€“ tingnan ang comments section ng ibang tindahan
ğŸŒ± Mag-experiment ng small batch â€“ subukan muna sa small scale para mabasa ang response",